Movie Name,Ratings,Metascores,Votes,Gross
1.Logan(2017),8.1,77,792786,$226.28M
2.Thor:Ragnarok(2017),7.9,74,781317,$315.06M
3.GuardiansoftheGalaxyVol.2(2017),7.6,67,721930,$389.81M
4.Dunkirk(2017),7.8,94,687019,$188.37M
5.Spider-Man:Homecoming(2017),7.4,73,685643,$334.20M
6.WonderWoman(2017),7.4,76,677793,$412.56M
7.StarWars:EpisodeVIII-TheLastJedi(2017),6.9,84,650430,$620.18M
8.GetOut(I)(2017),7.8,85,645451,$176.04M
9.BladeRunner2049(2017),8.0,81,609645,$92.05M
10.It(I)(2017),7.3,69,573340,$327.48M
11.BabyDriver(2017),7.6,86,571427,$107.83M
12.Coco(I)(2017),8.4,81,540895,$209.73M
"13.ThreeBillboardsOutsideEbbing,Missouri(2017)",8.1,88,528930,$54.51M
14.Lacasadepapel(2017–2021),8.2,,499892,
15.JohnWick:Chapter2(2017),7.4,75,483266,$92.03M
16.JusticeLeague(2017),6.1,45,465294,$229.02M
17.TheShapeofWater(2017),7.3,87,433742,$63.86M
18.Dark(2017–2020),8.7,,413052,
19.Jumanji:WelcometotheJungle(2017),6.9,58,399597,$404.52M
20.Kingsman:TheGoldenCircle(2017),6.7,44,345528,$100.23M
21.Kong:SkullIsland(2017),6.6,62,331851,$168.05M
22.Ozark(2017–2022),8.5,,328934,
23.PiratesoftheCaribbean:DeadMenTellNoTales(2017),6.5,39,326978,$172.56M
24.BeautyandtheBeast(I)(2017),7.1,65,321276,$504.01M
25.Mindhunter(2017–2019),8.6,,308991,
26.LadyBird(2017),7.4,93,306346,$48.96M
27.13ReasonsWhy(2017–2020),7.5,,304011,
28.TheGreatestShowman(2017),7.5,48,294757,$174.34M
29.Alien:Covenant(2017),6.4,65,291272,$74.26M
30.CallMebyYourName(2017),7.8,94,290980,$18.10M
31.MurderontheOrientExpress(2017),6.5,52,270107,$102.83M
32.WarforthePlanetoftheApes(2017),7.4,82,268292,$146.88M
33.WindRiver(2017),7.7,73,264291,$33.80M
34.ThePunisher(2017–2019),8.5,,249674,
35.TheHandmaid'sTale(2017–),8.4,,247938,
36.TheFateoftheFurious(2017),6.6,56,244024,$226.01M
37.Life(I)(2017),6.6,54,241119,$30.23M
38.TheHitman'sBodyguard(2017),6.9,47,239195,$75.47M
39.Mother!(2017),6.6,75,237440,$17.80M
"40.I,Tonya(2017)",7.5,77,228824,$30.01M
41.KingArthur:LegendoftheSword(2017),6.7,41,224420,$39.18M
42.GhostintheShell(2017),6.3,52,221516,$40.56M
43.BigLittleLies(2017–2019),8.5,,211769,
44.DarkestHour(2017),7.4,75,210692,$56.47M
45.TheEndoftheF***ingWorld(2017–2019),8.0,,204948,
46.AtomicBlonde(2017),6.7,63,200282,$51.69M
47.TheMummy(2017),5.4,34,197248,$80.10M
48.Bright(I)(2017),6.3,29,195878,
49.AmericanMade(2017),7.1,65,194814,$51.34M
50.Baywatch(2017),5.5,37,194474,$58.06M
51.ValerianandtheCityofaThousandPlanets(2017),6.4,51,189737,$41.19M
52.Molly'sGame(2017),7.4,71,180050,$28.78M
53.Wonder(I)(2017),7.9,66,171309,$132.42M
54.TheKillingofaSacredDeer(2017),7.0,73,165704,$2.29M
55.TheLegoBatmanMovie(2017),7.3,75,162499,$175.75M
56.Transformers:TheLastKnight(2017),5.2,27,160683,$130.17M
57.TheDisasterArtist(2017),7.3,76,159392,$21.12M
58.ThePost(2017),7.2,83,156963,$81.90M
59.LoganLucky(2017),7.0,78,155927,$27.78M
60.HappyDeathDay(2017),6.6,58,152499,$55.68M
61.Riverdale(2017–2023),6.5,,149681,
62.DespicableMe3(2017),6.2,49,143989,$264.62M
63.Taboo(2017),8.3,,143560,
64.TheDarkTower(2017),5.6,34,142406,$50.70M
65.Annabelle:Creation(2017),6.5,62,142127,$102.09M
66.TheBigSick(2017),7.5,86,139707,$42.87M
67.PhantomThread(2017),7.4,90,138818,$21.02M
68.IronFist(2017–2018),6.4,,135435,
69.TheBossBaby(2017),6.3,50,134377,$175.00M
70.TheMarvelousMrs.Maisel(2017–2023),8.7,,132362,
71.TheSinner(2017–2021),7.9,,131826,
72.GoodTime(2017),7.3,80,131527,$2.03M
73.WhatHappenedtoMonday(2017),6.8,47,128980,
74.T2Trainspotting(2017),7.2,67,128954,$2.40M
75.StarTrek:Discovery(2017–2024),7.1,,128189,
76.Okja(2017),7.3,75,127274,
77.Gifted(2017),7.6,60,123844,$24.80M
78.YouWereNeverReallyHere(2017),6.7,84,123530,$2.52M
79.TheFloridaProject(2017),7.6,92,120934,$5.90M
80.TheForeigner(I)(2017),7.0,55,118877,$34.39M
81.Gerald'sGame(2017),6.5,77,117539,
82.Downsizing(2017),5.8,63,115951,$24.45M
83.Geostorm(2017),5.3,21,113356,$33.70M
84.TheDefenders(2017),7.2,,112317,
85.PowerRangers(2017),5.9,44,111565,$85.36M
86.Cars3(2017),6.7,59,110228,$152.90M
87.TheRitual(I)(2017),6.3,57,109743,
88.Baahubali2:TheConclusion(2017),8.2,,107837,
89.TheDeathofStalin(2017),7.2,88,107740,$8.04M
90.FiftyShadesDarker(2017),4.6,33,106920,$114.38M
91.TheGoodDoctor(2017–),8.0,,104532,
92.TheBabysitter(I)(2017),6.3,,101121,
93.ItComesatNight(2017),6.2,78,98301,$13.99M
94.Atypical(2017–2021),8.2,,96748,
95.TheCircle(I)(2017),5.3,43,96589,$20.50M
96.xXx:ReturnofXanderCage(2017),5.2,42,94800,$44.90M
97.TheOrville(2017–),8.0,,94293,
98.Legion(2017–2019),8.2,,93949,
99.ShotCaller(2017),7.3,59,91514,
100.GameofThrones(2011–2019)Episode:TheSpoilsofWar(2017),9.7,,91475,
101.Hostiles(2017),7.2,65,90571,$29.82M
102.AmericanGods(2017–2021),7.6,,89687,
103.GoinginStyle(2017),6.6,50,88769,$45.02M
104.AlltheMoneyintheWorld(2017),6.8,72,88033,$25.11M
105.DeathNote(I)(2017),4.6,43,87865,
106.AmericanAssassin(2017),6.2,45,86060,$36.25M
107.Paddington2(2017),7.8,88,85687,$40.44M
108.BigMouth(2017–2024),7.9,,84500,
109.Jigsaw(I)(2017),5.7,39,84055,$38.05M
110.Papillon(I)(2017),7.2,51,80491,$2.34M
111.TheMountainBetweenUs(2017),6.4,48,78318,$30.35M
112.Daddy'sHome2(2017),6.0,30,78221,$104.03M
113.YoungSheldon(2017–),7.6,,76203,
114.AGhostStory(2017),6.8,84,75900,$1.60M
115.ADog'sPurpose(2017),7.2,43,75794,$64.51M
116.Reis(2017),1.0,,73875,
117.OnlytheBrave(2017),7.6,72,73584,$18.34M
118.Godless(2017),8.2,,72880,
119.TheSquare(2017),7.1,73,72873,$1.50M
120.SantaClaritaDiet(2017–2019),7.8,,72276,
121.Castlevania(2017–2021),8.3,,71616,
122.TwinPeaks(2017),8.5,,71428,
123.BrawlinCellBlock99(2017),7.1,79,71181,
124.TheSnowman(2017),5.1,23,68985,$6.67M
125.PitchPerfect3(2017),5.8,40,68336,$104.90M
126.TheEmojiMovie(2017),3.4,12,67985,$86.09M
127.1922(2017),6.2,70,67873,
128.GameofThrones(2011–2019)Episode:TheDragonandtheWolf(2017),9.4,,66770,
129.GameofThrones(2011–2019)Episode:BeyondtheWall(2017),9.0,,66757,
130.ASeriesofUnfortunateEvents(2017–2019),7.8,,64061,
131.Manhunt(II)(2017–2020),8.1,,61885,
132.Idon'tfeelathomeinthisworldanymore.(2017),6.9,75,61487,
133.LovingVincent(2017),7.8,62,60690,$6.74M
134.Ferdinand(2017),6.7,58,60613,$84.41M
135.Anne(2017–2019),8.7,,60233,
136.Jungle(I)(2017),6.7,48,60151,
137.FirstReformed(2017),7.1,85,59852,$3.45M
138.TheBeguiled(2017),6.3,77,59692,$10.58M
139.TheUpside(2017),7.0,46,59591,$108.25M
140.47MetersDown(2017),5.6,52,58444,$44.31M
141.BattleoftheSexes(2017),6.7,73,57734,$12.64M
142.BlackMirror(2011–)Episode:HangtheDJ(2017),8.7,,56868,
143.BlackMirror(2011–)Episode:USSCallister(2017),8.3,,56634,
144.ABadMomsChristmas(2017),5.6,42,55022,$72.11M
145.BeforeIFall(2017),6.4,58,54852,$12.24M
146.TheSpaceBetweenUs(I)(2017),6.4,33,54809,$7.89M
147.Detroit(2017),7.3,77,54724,$16.79M
148.RoughNight(2017),5.2,51,54150,$22.11M
149.GameofThrones(2011–2019)Episode:Dragonstone(2017),8.5,,52974,
150.TotheBone(I)(2017),6.8,64,52416,
151.Icarus(2017),7.9,68,52344,
152.TheMeyerowitzStories(NewandSelected)(2017),6.9,79,52155,
153.Mudbound(2017),7.4,85,51991,
154.CHIPS(2017),6.0,28,49662,$18.60M
155.Flatliners(2017),5.2,27,49291,$16.88M
156.GLOW(2017–2019),8.0,,48745,
157.GameofThrones(2011–2019)Episode:TheQueen'sJustice(2017),9.1,,48685,
158.WarMachine(2017),6.0,56,48626,
159.VikramVedha(2017),8.2,,48105,
160.Raees(2017),6.6,,47715,
161.Stronger(I)(2017),6.9,76,47586,$4.21M
162.BlackMirror(2011–)Episode:BlackMuseum(2017),8.6,,47106,
163.GameofThrones(2011–2019)Episode:Stormborn(2017),8.8,,46394,
164.TheEndless(I)(2017),6.5,80,46324,$0.27M
165.GameofThrones(2011–2019)Episode:Eastwatch(2017),8.7,,46114,
166.Cargo(I)(2017),6.3,65,46037,
167.IngridGoesWest(2017),6.6,71,46011,$3.02M
168.Revenge(II)(2017),6.4,81,45989,$0.10M
169.Suburbicon(2017),5.8,42,45983,$5.78M
170.TheHouse(I)(2017),5.6,30,45777,$25.58M
171.TheZookeeper'sWife(2017),7.0,57,45021,$17.45M
172.Thoroughbreds(2017),6.6,75,44995,$2.83M
173.FistFight(2017),5.6,37,44338,$32.19M
174.Verónica(I)(2017),6.2,,44261,
175.BlackMirror(2011–)Episode:Arkangel(2017),7.3,,43872,
176.BluePlanetII(2017),9.3,,43549,
177.Rings(2017),4.5,25,42059,$27.79M
178.Ayla:TheDaughterofWar(2017),8.3,,41860,
179.TheWife(I)(2017),7.2,77,41453,$9.60M
180.BlackMirror(2011–)Episode:Crocodile(2017),7.3,,41389,
181.Happy!(2017–2019),8.1,,41081,
"182.Everything,Everything(2017)",6.3,52,40951,$34.00M
"183.RomanJ.Israel,Esq.(2017)",6.5,58,40811,$11.96M
184.TimeTrap(2017),6.2,46,40290,
185.Gi-eok-uibam(2017),7.4,,40189,
186.BlackMirror(2011–)Episode:Metalhead(2017),6.6,,39342,
187.CumaliCeber:AllahSeniAlsin(2017),1.0,,39221,
188.GirlsTrip(2017),6.2,71,39199,$115.17M
189.Kidnap(I)(2017),5.9,44,38225,$30.72M
190.TheChosen(2017–),9.3,,37835,
191.TheShack(I)(2017),6.3,32,37783,$57.39M
192.Victoria&Abdul(2017),6.8,58,37276,$22.25M
193.ShingekinoKyojin(2013–2023)Episode:Warrior(2017),9.8,,37269,
194.Unlocked(I)(2017),6.3,46,37251,
195.TheGlassCastle(2017),7.1,56,36605,$17.27M
196.Snatched(2017),4.7,45,36578,$45.83M
197.TheGifted(I)(2017–2019),7.3,,36503,
198.Mersal(2017),7.5,,36336,
199.TheDiscovery(I)(2017),6.2,54,36100,
200.GhostStories(I)(2017),6.4,68,35752,$0.14M
201.Marrowbone(2017),6.7,63,35601,$0.00M
202.AliasGrace(2017),7.7,,35288,
203.Thelma(2017),7.0,74,34787,$0.15M
204.AusdemNichts(2017),7.1,65,34484,$0.32M
205.Nelyubov(2017),7.6,86,34417,$0.57M
206.FantasticBeastsandWheretoFindThem:Newt(2017Video),7.2,,34288,
207.HomeAgain(2017),5.8,41,33938,$27.02M
208.RickandMorty(2013–)Episode:TheRicklantisMixup(2017),9.8,,33737,
209.Disobedience(2017),6.6,74,33606,$3.48M
210.Sleepless(III)(2017),5.6,34,33496,$20.78M
211.Krym(I)(2017),3.6,,33489,
212.God'sOwnCountry(2017),7.6,85,33370,$0.34M
213.BorgMcEnroe(2017),6.9,63,33319,$14.11M
214.IKillGiants(2017),6.1,74,32309,
215.AmericanVandal(2017–2018),8.1,,32022,
216.TigerZindaHai(2017),5.9,,31191,
217.HindiMedium(2017),7.8,,30750,
218.TheGoodFight(2017–2022),8.4,,30582,
219.TheDeuce(2017–2019),8.1,,30511,
220.CaptainUnderpants:TheFirstEpicMovie(2017),6.2,69,30467,$73.92M
221.Table19(2017),5.8,40,30011,$3.61M
222.WhattheHealth(2017),7.2,,29976,
223.WonderWheel(2017),6.2,45,29876,$1.40M
224.SEALTeam(2017–),7.8,,29616,
225.Creep2(2017),6.4,75,29516,
226.TheCurrentWar(2017),6.5,55,29235,
227.Counterpart(2017–2019),8.0,,29064,
228.Teströléslélekröl(2017),7.5,77,28878,
229.TheWall(II)(2017),6.2,57,28864,$1.80M
230.StrangerThings(2016–2024)Episode:ChapterSeven:TheLostSister(2017),6.1,,28837,
231.BlackClover(2017–2021),8.3,,28746,
232.GoodbyeChristopherRobin(2017),7.1,54,28710,$1.74M
233.TheBookofHenry(2017),6.6,31,28659,$4.22M
234.Sherlock(2010–2017)Episode:TheFinalProblem(2017),8.2,,28372,
"235.AsAbove,SoBelow:TheUnderworldof'JohnWick'(2017Video)",7.7,,28283,
236.S.W.A.T.(2017–2023),7.2,,28245,
237.TheLegoNinjagoMovie(2017),6.0,55,28222,$59.28M
238.Kaabil(2017),7.1,,28128,
239.Sherlock(2010–2017)Episode:TheLyingDetective(2017),9.1,,28113,
240.Elbar(2017),6.3,,28063,
241.SecretSuperstar(2017),7.8,,27921,
242.Inhumans(2017),4.9,,27869,
243.Den12.mann(2017),7.3,70,27821,
244.JusticeLeagueDark(2017Video),7.0,,27797,
245.Taeksiwoonjunsa(2017),7.9,69,27782,$1.53M
246.CultofChucky(2017),5.2,69,27607,
247.ProfessorMarstonandtheWonderWomen(2017),7.0,68,27565,$1.59M
248.Runaways(2017–2019),6.9,,27520,
249.TheWizardofLies(2017TVMovie),6.8,,27382,
250.Kameraotomeruna!(2017),7.6,86,27188,
251.TheBreadwinner(2017),7.7,78,27182,$0.31M
252.BabylonBerlin(2017–),8.4,,27158,
"253.Jim&Andy:TheGreatBeyond-FeaturingaVerySpecial,ContractuallyObligatedMentionofTonyClifton(2017)",7.6,77,27131,
254.FutureMan(2017–2020),7.7,,27119,
255.ShingekinoKyojin(2013–2023)Episode:Scream(2017),9.7,,27114,
256.LastFlagFlying(2017),6.9,65,26915,$0.97M
257.UnaMujerFantástica(2017),7.2,84,26623,$2.02M
258.BerlinSyndrome(2017),6.3,70,26562,$0.03M
259.BlackLightning(2017–2021),6.1,,26490,
260.ArjunReddy(2017),8.0,,26425,
261.TheMist(2017),5.4,,26405,
262.JollyLLB2(2017),7.2,,26325,
263.TheOttomanLieutenant(2017),6.4,26,26320,
264.TheVietnamWar(2017),9.1,,26229,
265.Aftermath(IV)(2017),5.7,44,26016,
266.CrookedHouse(2017),6.3,59,25993,
267.DearWhitePeople(2017–2021),6.4,,25988,
268.Leatherface(2017),5.0,40,25827,
269.MomandDad(2017),5.6,59,25690,
270.Marshall(2017),7.3,66,25624,$10.05M
271.SandCastle(2017),6.3,45,25489,
272.MeganLeavey(2017),7.1,66,25170,$13.41M
273.TheByeByeMan(2017),4.3,37,25170,$22.38M
274.Sherlock(2010–2017)Episode:TheSixThatchers(2017),7.6,,25156,
275.BetterCallSaul(2015–2022)Episode:Chicanery(2017),9.7,,25080,
276.TheHitman'sBodyguard:TheHitmanvs.TheBodyguard(2017Video),6.9,,25041,
277.APrayerBeforeDawn(2017),6.8,76,25040,
278.Lucky(I)(2017),7.3,80,24965,$0.96M
279.AileArasinda(2017),7.7,,24959,
280.2:22(2017),5.7,,24866,
281.BareillyKiBarfi(2017),7.5,,24774,
282.StrangerThings(2016–2024)Episode:ChapterNine:TheGate(2017),9.3,,24684,
283.SuperDarkTimes(2017),6.6,75,24610,$0.03M
284.Boruto:NarutoNextGenerations(2017–),6.6,,24586,
285.TheLittleHours(2017),5.8,69,24384,$1.65M
286.AllEyezonMe(2017),5.9,38,24122,$44.92M
287.Mr.Mercedes(2017–2019),7.8,,24036,
288.TheKeepers(II)(2017),8.0,,23891,
289.Dynasty(2017–2022),7.3,,23882,
290.Breathe(I)(2017),7.1,51,23817,$0.49M
291.iBoy(2017),5.9,50,23779,
292.Mayhem(2017),6.4,62,23628,
293.Snowfall(2017–2023),8.3,,23605,
294.Salvation(2017–2018),6.9,,23595,
295.6Days(I)(2017),6.2,36,23323,
296.JeepersCreepers3(2017),3.9,,23183,
297.TheBoldType(2017–2021),7.8,,23022,
298.Smurfs:TheLostVillage(2017),6.0,40,22957,$45.02M
299.BeyondSkyline(2017),5.3,46,22735,
300.RickandMorty(2013–)Episode:TheRickshankRickdemption(2017),9.6,,22694,
301.LittleEvil(2017),5.7,,22505,
302.MyFriendDahmer(2017),6.2,68,22474,$1.36M
303.Toilet-EkPremKatha(2017),7.2,,22403,
304.Chalardgamesgoeng(2017),7.6,,22363,
305.FriendsfromCollege(2017–2019),6.9,,22247,
306.TulipFever(2017),6.2,38,22176,$2.43M
307.Strike(2017–),7.9,,22148,
308.StrangerThings(2016–2024)Episode:ChapterEight:TheMindFlayer(2017),9.2,,22089,
309.WishUpon(2017),5.1,32,21789,$14.30M
310.JabHarryMetSejal(2017),5.1,,21789,
311.SongtoSong(I)(2017),5.6,54,21704,$0.44M
312.Wheelman(2017),6.4,66,21609,
313.LovingPablo(2017),6.3,42,21454,$0.02M
314.Knightfall(2017–2019),6.8,,21405,
315.TheSuper(2017),5.2,47,21397,
316.Workin'Moms(2017–2023),7.8,,21396,
317.HotSummerNights(2017),6.4,44,21355,
318.Training'JohnWick'(2017Video),7.6,,21157,
319.AbductedinPlainSight(2017),6.8,,21137,
320.Tubelight(2017),3.9,,21134,
321.Naked(I)(2017),5.4,36,20865,
322.Haganenorenkinjutsushi(2017),5.3,48,20815,
323.TocToc(2017),6.8,,20811,
324.AChristmasPrince(2017),5.8,,20779,
325.Newton(2017),7.6,,20743,
326.Feud(2017–),8.4,,20689,
327.Security(I)(2017),5.7,,20582,
328.StrangerThings(2016–2024)Episode:ChapterOne:MADMAX(2017),8.1,,20568,
329.TheDawnWall(2017),8.1,81,20558,$1.08M
330.FatherFigures(2017),5.5,22,20519,$17.50M
331.StrangerThings(2016–2024)Episode:ChapterSix:TheSpy(2017),9.1,,20356,
332.RickandMorty(2013–)Episode:PickleRick(2017),9.3,,20289,
333.OnceUponaTimeinVenice(2017),5.3,28,20253,
334.MyCousinRachel(2017),6.0,63,20217,$2.68M
335.UnicornStore(2017),5.6,44,20202,
336.TheRider(2017),7.4,89,19994,$2.42M
337.TheParty(I)(2017),6.5,73,19751,$0.75M
338.Columbus(I)(2017),7.2,89,19612,$1.02M
339.ElChapo(2017–2018),7.8,,19582,
340.FirstTheyKilledMyFather(2017),7.2,72,19544,
341.DerHauptmann(2017),7.3,67,19416,$0.11M
342.Masum(2017),8.3,,19316,
343.FantasticBeastsandWheretoFindThem:BeforeHarryPotter(2017Video),7.2,,19267,
"344.StrangerThings(2016–2024)Episode:ChapterTwo:TrickorTreat,Freak(2017)",8.3,,19231,
345.Genius(I)(2017–),8.2,,19199,
346.Girlboss(2017),7.0,,19034,
347.StrangerThings(2016–2024)Episode:ChapterFive:DigDug(2017),8.8,,19017,
348.TheHeroes(2008–)Episode:KnightinBlack(2017),8.9,,18896,
349.StrangerThings(2016–2024)Episode:ChapterThree:ThePollywog(2017),8.5,,18836,
350.Mugennojûnin(2017),6.7,72,18772,$0.15M
351.StrangerThings(2016–2024)Episode:ChapterFour:WilltheWise(2017),8.5,,18599,
352.Brad'sStatus(2017),6.5,71,18592,$2.13M
353.Kodachrome(2017),6.8,57,18552,
354.HiddenFigures:ItAllAddsUp-TheMakingofHiddenFigures(2017Video),8.1,,18392,
355.TheMick(2017–2018),7.8,,18231,
356.SandyWexler(2017),5.2,40,18094,
357.Hangman(II)(2017),5.2,31,18069,
358.Gypsy(2017),6.8,,17976,
359.Radius(2017),6.3,,17965,
360.Aterrados(2017),6.5,,17893,
361.ElectricDreams(2017–2018),7.2,,17761,
362.HHhH(2017),6.4,,17754,
363.Koombiyo(2017–2018),9.0,,17682,
364.Newness(2017),6.3,50,17607,
365.L'insulte(2017),7.6,72,17519,$1.00M
366.TheManWhoInventedChristmas(2017),7.0,60,17510,$5.68M
367.OneDayataTime(2017–2020),8.2,,17459,
368.ShingekinoKyojin(2013–2023)Episode:CloseCombat(2017),9.6,,17414,
369.BrigsbyBear(2017),7.3,67,17350,$0.53M
370.Sin-gwaham-kke:Jwi-wabeol(2017),7.2,,17297,
371.Rememory(2017),6.1,48,17293,
372.RecepIvedik5(2017),3.3,,17229,
373.ColdSkin(2017),6.0,,17201,
374.TheHitman'sBodyguard:DangerousWomen(2017Video),6.8,,17063,
375.HorizonZeroDawn(2017VideoGame),9.0,,17046,
376.Britannia(2017–2021),6.9,,17045,
377.HowtoBeaLatinLover(2017),6.0,54,16948,$32.09M
378.Elguardiáninvisible(2017),6.4,,16867,
379.MaryShelley(2017),6.4,49,16842,$0.11M
380.ShingekinoKyojin(2013–2023)Episode:Totsugeki(2017),9.5,,16650,
381.ShaadiMeinZaroorAana(2017),7.5,,16557,
382.TheBookshop(2017),6.5,62,16502,$1.33M
383.Absentia(2017–2020),7.2,,16469,
384.Unforgettable(II)(2017),5.1,45,16412,$11.27M
385.12FeetDeep(2017),5.2,,16372,
386.OtherLife(2017),6.2,,16354,
387.TeenTitans:TheJudasContract(2017Video),7.0,,16341,
388.HappyEnd(2017),6.6,72,16306,$0.30M
389.120battementsparminute(2017),7.4,84,16204,$0.13M
390.JohnWickChapter2:Wick-vizzed(2017Video),7.8,,16185,
391.TheOnlyLivingBoyinNewYork(2017),6.3,33,16112,$0.62M
392.Aknyeo(2017),6.6,64,15906,$0.03M
393.ShimmerLake(2017),6.3,,15906,
394.TheeranAdhigaaramOndru(2017),8.2,,15868,
395.TheLayover(I)(2017),4.8,15,15858,
396.BeachRats(2017),6.4,78,15732,$0.47M
397.Overdrive(2017),5.4,,15730,
398.Suburra-Laserie(2017–2020),7.9,,15484,
399.Churchill(2017),6.0,44,15456,$1.28M
400.ShingekinoKyojin(2013–2023)Episode:BeastTitan(2017),9.2,,15438,
401.TheDefiantOnes(2017),8.5,,15399,
402.24HourstoLive(2017),5.8,37,15390,
403.Laschicasdelcable(2017–2020),7.5,,15389,
404.TinStar(2017–2020),7.2,,15324,
405.TheWalkingDead(2010–2022)Episode:TheFirstDayoftheRestofYourLife(2017),7.7,,15283,
406.Mearitomajonohana(2017),6.8,74,15258,$2.42M
407.Dark(2017–2020)Episode:Geheimnisse(2017),8.2,,15037,
408.Amityville:TheAwakening(2017),4.8,42,14879,$0.00M
409.Perfectosdesconocidos(2017),6.9,,14855,
410.ThankYouforYourService(I)(2017),6.6,68,14790,$9.47M
411.Beast(III)(2017),6.8,74,14739,$0.80M
412.KillingGunther(2017),4.8,53,14701,
413.RetroWick:ExploringtheUnexpectedSuccessof'JohnWick'(2017Video),7.6,,14663,
414.Him-ssenyeo-jaDoBong-soon(2017),8.2,,14638,
415.AnnaandtheApocalypse(2017),6.0,63,14549,$0.55M
416.Imposters(2017–2018),7.8,,14529,
417.BatmanandHarleyQuinn(2017),5.9,,14521,
418.BlackButterfly(II)(2017),6.1,43,14519,
419.ShingekinoKyojin(2013–2023)Episode:Historia(2017),9.2,,14505,
420.ResidentEvil:Vendetta(2017),6.2,,14465,
421.PleaseStandBy(2017),6.7,49,14459,$0.01M
"422.Midnight,Texas(2017–2018)",7.3,,14437,
423.TheWhitePrincess(2017),7.5,,14380,
424.Goon:LastoftheEnforcers(2017),5.8,48,14379,
425.OurSoulsatNight(2017),6.9,69,14349,
426.TheChildrenAct(2017),6.7,62,14230,$0.51M
427.MarkFelt:TheManWhoBroughtDowntheWhiteHouse(2017),6.4,49,14187,$0.77M
428.Zashchitniki(2017),4.0,,14171,
429.Chappaquiddick(2017),6.4,67,14119,$17.40M
430.LaMante(2017),7.4,,14119,
431.TheGhaziAttack(2017),7.5,,14097,
432.ShingekinoKyojin(2013–2023)Episode:Soldier(2017),9.2,,14076,
433.WhatDidJackDo?(2017),6.4,,13920,
434.YouGetMe(2017),4.7,,13889,
435.Prityazhenie(2017),5.6,,13647,
436.BetterCallSaul(2015–2022)Episode:Lantern(2017),9.2,,13591,
437.Ittefaq(2017),7.2,,13542,
438.RickandMorty(2013–)Episode:RestandRicklaxation(2017),8.8,,13517,
439.ShingekinoKyojin(2013–2023)Episode:Children(2017),9.0,,13485,
440.Olaf'sFrozenAdventure(2017),5.6,,13462,
441.Bushwick(2017),5.2,44,13452,
442.TheWalkingDead(2010–2022)Episode:Mercy(2017),6.9,,13446,
443.RickandMorty(2013–)Episode:RickmancingtheStone(2017),8.1,,13403,
444.ShingekinoKyojin(2013–2023)Episode:I'mHome(2017),8.5,,13395,
445.Gaga:FiveFootTwo(2017),7.0,63,13388,
446.TheVault(I)(2017),4.8,50,13373,$0.01M
447.LeanonPete(2017),7.2,80,13365,$1.16M
448.Six(2017–2018),7.2,,13315,
449.Dark(2017–2020)Episode:Lügen(2017),8.1,,13305,
450.MadeinAbyss(2017–),8.4,,13275,
451.EscapeRoom(II)(2017),4.2,,13256,
452.ShingekinoKyojin(2013–2023)Episode:Southwestward(2017),8.7,,13175,
453.RickandMorty(2013–)Episode:Vindicators3:TheReturnofWorldender(2017),8.1,,13137,
454.ActsofVengeance(2017),5.7,49,13109,
455.Visagesvillages(2017),7.8,94,13102,$0.95M
456.ShingekinoKyojin(2013–2023)Episode:TheHunters(2017),8.4,,13089,
457.RickandMorty(2013–)Episode:Morty'sMindBlowers(2017),8.9,,13088,
458.Dark(2017–2020)Episode:AlphaundOmega(2017),9.1,,13068,
459.ShingekinoKyojin(2013–2023)Episode:Opening(2017),8.6,,13053,
460.L'amantdouble(2017),6.2,70,13039,$0.17M
461.DaveChappelle:Equanimity(2017TVSpecial),8.1,,13036,
462.TheAgeofSpin:DaveChappelleLiveattheHollywoodPalladium(2017TVSpecial),8.1,,13017,
463.BadrinathKiDulhania(2017),6.1,,12953,
464.Dark(2017–2020)Episode:Gesternundheute(2017),8.5,,12908,
465.Dark(2017–2020)Episode:Wahrheiten(2017),8.8,,12847,
466.Toivontuollapuolen(2017),7.2,84,12806,$0.18M
467.Descendants2(2017TVMovie),6.3,,12783,
468.Errementari(2017),6.4,,12777,
469.Vivegam(2017),5.2,,12663,
470.ChristmasInheritance(2017),5.7,,12627,
471.ZoneBlanche(2017–2019),7.4,,12624,
472.Dark(2017–2020)Episode:SicMundusCreatusEst(2017),9.0,,12613,
473.BetterCallSaul(2015–2022)Episode:Witness(2017),9.0,,12550,
474.RickandMorty(2013–)Episode:TheWhirlyDirlyConspiracy(2017),8.4,,12475,
"475.Dark(2017–2020)Episode:Wasmansät,daswirdmanernten(2017)",9.1,,12473,
476.Mr.Robot(2015–2019)Episode:eps3.4_runtime-err0r.r00(2017),9.7,,12312,
477.BoJackHorseman(2014–2020)Episode:Time'sArrow(2017),9.8,,12264,
478.WhiteGold(2017–2019),7.3,,12231,
479.InsideEdge(2017–),7.9,,12227,
480.Dark(2017–2020)Episode:Doppelleben(2017),8.2,,12201,
481.XX(2017),4.6,64,12153,$0.03M
482.SmallTownCrime(2017),6.6,68,12144,
483.Laragazzanellanebbia(2017),6.7,,12115,
484.ThePlace(2017),7.0,,12113,
485.Tuntematonsotilas(2017),7.7,,12110,
486.FirstKill(2017),5.0,39,12105,
487.DeepintheHeartofTexas:DaveChappelleLiveatAustinCityLimits(2017TVSpecial),7.9,,11998,
488.Psych:TheMovie(2017TVMovie),7.3,,11993,
489.DayoftheDead:Bloodline(2017),3.4,,11915,
490.BetterCallSaul(2015–2022)Episode:Mabel(2017),8.1,,11905,
491.OnChesilBeach(2017),6.3,62,11903,$0.75M
492.BetterCallSaul(2015–2022)Episode:Sabrosito(2017),8.9,,11898,
493.SenkenadBalkanom(2017–),8.9,,11887,
494.HowtoTalktoGirlsatParties(2017),5.7,50,11883,$0.08M
495.Salyut-7(2017),7.2,,11822,
496.VoicefromtheStone(2017),5.2,42,11815,
497.TourdePharmacy(2017TVMovie),7.1,,11726,
498.TheHumanityBureau(2017),4.5,,11725,
499.Dark(2017–2020)Episode:Kreuzwege(2017),8.6,,11707,
500.Laforêt(2017),7.2,,11638,
501.Dark(2017–2020)Episode:Allesistjetzt(2017),8.6,,11540,
502.Singularity(I)(2017),3.6,,11499,
503.RickandMorty(2013–)Episode:TheRickchurianMortydate(2017),8.2,,11486,
504.Fi(2017–2018),7.8,,11477,
505.ThePolkaKing(2017),6.0,65,11432,
506.Lesensdelafête(I)(2017),6.8,,11406,
507.SidneyHall(2017),6.8,18,11405,
508.Taken(2017–2018),6.6,,11399,
509.Kakegurui(2017–2019),7.1,,11387,
510.PeakyBlinders(2013–2022)Episode:TheCompany(2017),9.4,,11330,
511.Mom(I)(2017),7.2,,11281,
512.RickandMorty(2013–)Episode:TheABCsofBeth(2017),7.9,,11267,
513.TheWalkingDead(2010–2022)Episode:HowIt'sGottaBe(2017),6.8,,11259,
514.Judwaa2(2017),3.6,,11253,
515.Salinjauigieokbeob(2017),7.2,,11230,
516.PeakyBlinders(2013–2022)Episode:TheNoose(2017),9.4,,11216,
517.SweetVirginia(2017),6.2,72,11211,$0.01M
518.TheWalkingDead(2010–2022)Episode:TheDamned(2017),6.7,,11162,
519.TabulaRasa(2017),7.9,,11110,
520.Bairavaa(2017),5.8,,11086,
521.DuckTales(2017–2021),8.3,,11023,
522.Gunpowder(2017),6.5,,11005,
523.BetterCallSaul(2015–2022)Episode:SunkCosts(2017),8.5,,11002,
524.BetterCallSaul(2015–2022)Episode:Fall(2017),8.8,,11000,
525.JaggaJasoos(2017),6.3,,10997,
526.Mr.Robot(2015–2019)Episode:eps3.5_kill-pr0cess.inc(2017),9.6,,10982,
527.BulletHead(2017),5.4,51,10951,
528.Spyder(2017),6.3,,10902,
529.TragedyGirls(2017),6.0,58,10893,$0.06M
530.Disjointed(2017–2018),6.7,,10884,
531.Gongfuyujia(2017),5.2,50,10882,$0.36M
532.Wilson(I)(2017),5.8,49,10875,$0.65M
533.Cardinal(2017–2020),7.8,,10859,
534.BetterCallSaul(2015–2022)Episode:OffBrand(2017),8.5,,10815,
535.Journey'sEnd(I)(2017),6.7,73,10750,$0.16M
536.Wonderstruck(2017),6.2,71,10742,$1.03M
537.PayitahtAbdülhamid(2017–2021),5.0,,10742,
538.ShubhMangalSaavdhan(2017),6.9,,10722,
539.MommyDeadandDearest(2017),7.4,,10698,
540.TheWalkingDead(2010–2022)Episode:RockintheRoad(2017),8.0,,10688,
541.ThePiratesofSomalia(2017),6.7,54,10684,
542.Jiqizhixue(2017),5.1,43,10656,
543.Liar(2017–2020),7.1,,10652,
544.LouisC.K.2017(2017TVSpecial),7.6,,10614,
545.BetterCallSaul(2015–2022)Episode:Expenses(2017),8.2,,10565,
546.BeatrizatDinner(2017),6.0,68,10554,$7.12M
547.BetterCallSaul(2015–2022)Episode:Slip(2017),8.5,,10521,
548.DaveChappelle:TheBirdRevelation(2017TVSpecial),7.8,,10480,
549.TheWalkingDead(2010–2022)Episode:Monsters(2017),6.4,,10479,
550.Lacasadepapel(2017–2021)Episode:Bellaciao(2017),9.2,,10477,
551.Inconceivable(2017),5.2,,10465,
552.ThePunisher(2017–2019)Episode:Home(2017),9.5,,10457,
553.Renegades(2017),5.5,33,10442,
554.Aurevoirlà-haut(2017),7.4,,10429,
555.PattiCake$(2017),6.8,67,10409,$0.80M
556.TheNiceGuys:WordoftheDay(2017),7.6,,10407,
557.TheWalkingDead(2010–2022)Episode:SomeGuy(2017),6.8,,10368,
558.RebelintheRye(2017),6.7,46,10351,$0.38M
559.Pyewacket(2017),5.8,56,10335,
560.FilmStarsDon'tDieinLiverpool(2017),6.7,65,10307,$1.03M
561.Beomjoidosi(2017),7.2,,10277,
562.Satan'sSlaves(2017),6.5,,10243,
563.BadBlood(2017–2018),7.5,,10239,
564.InsideLook:TheAssassinationofGianniVersace-AmericanCrimeStory(2017–2018),7.7,,10231,
565.AmySchumer:TheLeatherSpecial(2017TVSpecial),3.2,,10202,
566.TheWalkingDead(2010–2022)Episode:SayYes(2017),7.0,,10171,
567.TheHero(I)(2017),6.5,61,10120,$4.08M
568.DiaryofaWimpyKid:TheLongHaul(2017),4.3,39,10074,$20.64M
569.TheHunter'sPrayer(2017),5.5,35,10062,
570.GolmaalAgain(2017),4.9,,10042,
571.Yôkosojitsuryokushijôshuginokyôshitsue(2017–),7.7,,9995,
572.TheWalkingDead(2010–2022)Episode:NewBestFriends(2017),7.3,,9952,
573.TheWalkingDead(2010–2022)Episode:BuryMeHere(2017),7.6,,9938,
574.Flower(I)(2017),6.0,45,9935,$0.33M
575.WinItAll(2017),6.2,77,9910,
576.TheWalkingDead(2010–2022)Episode:HostilesandCalamities(2017),7.3,,9895,
577.ElCaminoChristmas(2017),5.7,,9893,
578.Jusqu'àlagarde(2017),7.5,83,9848,$0.08M
579.Harlots(2017–2019),7.7,,9801,
580.Lesaffamés(2017),5.8,,9801,
581.Revolt(2017),5.3,,9793,
582.TheCaseforChrist(2017),6.3,50,9745,$14.68M
583.TheWalkingDead(2010–2022)Episode:TheOtherSide(2017),6.6,,9701,
584.TheManfromEarth:Holocene(2017),5.2,,9656,
585.TheWalkingDead(2010–2022)Episode:TheBigScaryU(2017),7.3,,9420,
586.TheLodgers(2017),5.1,52,9412,
587.NovemberCriminals(2017),5.3,31,9395,
588.TheBrave(2017–2018),7.5,,9378,
589.TheLeisureSeeker(2017),6.7,45,9333,$3.23M
590.Lacasadepapel(2017–2021)Episode:Efectuarloacordado(2017),8.1,,9315,
591.BimiluiSoop(2017–),8.5,,9289,
592.BladeRunner:BlackOut2022(2017Video),7.3,,9262,
593.WetHotAmericanSummer:TenYearsLater(2017),6.9,,9259,
594.Assassin'sCreed:Origins(2017VideoGame),8.5,,9197,
595.TheWalkingDead(2010–2022)Episode:SomethingTheyNeed(2017),7.5,,9183,
596.ResidentEvil7:Biohazard(2017VideoGame),8.6,,9165,
597.TheDinner(I)(2017),4.5,57,9106,$1.32M
598.TheRecall(2017),4.1,,9104,
599.TheWhiskeyBandit(2017),7.3,,9053,
"600.TheWalkingDead(2010–2022)Episode:TheKing,theWidowandRick(2017)",6.2,,9038,
601.TheCured(2017),5.6,57,9015,$0.02M
602.Submergence(2017),5.4,38,8978,
603.QaribQaribSinglle(2017),7.1,,8970,
604.SweetCountry(2017),6.9,88,8957,$0.10M
605.Gojira:KaijûWakusei(2017),6.0,,8944,
606.Zerudanodensetsu:Buresuobuzawairudo(2017VideoGame),9.4,,8872,
607.TheNileHiltonIncident(2017),6.7,70,8864,$0.08M
608.TheCrucifixion(2017),5.1,,8858,
609.Rakka(2017),7.3,,8831,
610.Damnation(2017–2018),7.6,,8828,
611.ThePunisher(2017–2019)Episode:3AM(2017),8.5,,8823,
612.Pappapia(2017),2.7,,8813,
613.Mr.Robot(2015–2019)Episode:shutdown-r(2017),9.5,,8790,
614.TheStar(2017),6.2,42,8753,$40.85M
615.Lady-Like(2017),5.0,,8743,
616.Clinical(2017),5.1,,8696,
"617.13ReasonsWhy(2017–2020)Episode:Tape7,SideA(2017)",9.2,,8691,
618.TheWalkingDead(2010–2022)Episode:TimeforAfter(2017),6.5,,8675,
619.4Blocks(2017–2019),8.2,,8658,
620.Blame!(2017),6.6,,8619,
621.Gekijô-banSôdoÂtoOnrain:SwordArtOnline-Ôdinarusukêru-(2017),7.3,,8608,
622.SmallCrimes(2017),5.8,60,8598,
623.Cheong-nyeon-gyeong-chal(2017),7.3,,8596,
624.TheLastWord(2017),6.6,40,8596,$1.78M
625.Extortion(2017),6.2,,8590,
626.PeakyBlinders(2013–2022)Episode:Heathens(2017),9.0,,8578,
627.ZhanlangII(2017),5.9,44,8576,$2.72M
628.BadDayfortheCut(2017),6.5,,8556,
629.Mindhunter(2017–2019)Episode:Episode#1.1(2017),7.8,,8540,
630.DaveMadeaMaze(2017),6.3,60,8510,$0.03M
631.Riviera(2017–2020),6.7,,8481,
632.DangshiniJamdeunSaie(2017),8.3,,8481,
633.Unacknowledged(2017),7.0,,8477,
634.SameKindofDifferentasMe(2017),6.6,47,8436,$6.42M
635.TheClapper(I)(2017),5.1,21,8436,
636.TheIncredibleJessicaJames(2017),6.5,72,8386,
637.KillSwitch(I)(2017),4.7,31,8380,
638.BombCity(2017),6.8,65,8356,$0.06M
639.Viceroy'sHouse(2017),6.7,53,8353,$1.11M
640.LongShot(2017TVMovie),7.4,,8350,
641.Ozark(2017–2022)Episode:Sugarwood(2017),8.4,,8338,
642.Raabta(2017),4.7,,8334,
643.Vengeance:ALoveStory(2017),5.2,,8312,
644.SickNote(2017–2018),6.8,,8303,
645.2036:NexusDawn(2017),6.9,,8301,
646.ThePunisher(2017–2019)Episode:MementoMori(2017),9.1,,8285,
647.TheFlash(2014–2023)Episode:Duet(2017),6.1,,8281,
648.Vuelven(2017),6.9,76,8269,$0.13M
649.Madame(I)(2017),6.1,45,8261,
650.Uncharted:TheLostLegacy(2017VideoGame),8.5,,8260,
651.AnInconvenientSequel:TruthtoPower(2017),6.6,68,8253,$3.50M
652.Mukkabaaz(2017),8.0,,8246,
653.Sachin(2017),8.5,,8237,
654.ThePunisher(2017–2019)Episode:DangerClose(2017),9.2,,8210,
655.Órbita9(2017),5.9,,8142,
656.MemeReview(2017–),8.6,,8132,
657.Arrow(2012–2020)Episode:LianYu(2017),9.6,,8083,
658.Crashing(2017–2019),7.6,,8064,
659.Deadpool:NoGoodDeed(2017),8.0,,8056,
660.ShockandAwe(2017),6.4,47,8039,$0.08M
661.6Below:MiracleontheMountain(2017),5.7,40,8030,
662.L'ascension(I)(2017),6.9,,8028,
663.Lou(I)(2017),7.8,,8028,
664.Rockaway(2017),6.2,,8026,
665.GreatNews(2017–2018),7.0,,8005,
666.BigLittleLies(2017–2019)Episode:YouGetWhatYouNeed(2017),9.4,,8004,
667.Lacasadepapel(2017–2021)Episode:Imprudenciasletales(2017),8.2,,7982,
668.Mr.Robot(2015–2019)Episode:eps3.7_dont-delete-me.ko(2017),9.1,,7976,
669.Estiu1993(2017),7.1,81,7967,$0.18M
670.GetShorty(2017–2019),8.2,,7959,
671.Fortnite(2017VideoGame),5.2,,7952,
672.TheLeftovers(2014–2017)Episode:TheBookofNora(2017),9.5,,7940,
673.WomanWalksAhead(2017),6.6,51,7921,$0.06M
674.Spielberg(2017TVMovie),7.7,,7916,
675.BillBurr:WalkYourWayOut(2017TVSpecial),7.2,,7903,
676.Dismissed(2017),5.7,,7883,
677.Foxtrot(II)(2017),7.2,88,7860,$0.62M
678.Gunhamdo(2017),7.1,60,7847,
679.TheGreatFather(2017),6.9,,7818,
680.JustGettingStarted(2017),4.5,21,7809,$6.07M
681.StarTrek:Discovery(2017–2024)Episode:TheVulcanHello(2017),7.2,,7788,
"682.13ReasonsWhy(2017–2020)Episode:Tape1,SideA(2017)",8.2,,7783,
683.Vremyapervykh(2017),7.2,,7765,
684.HasanMinhaj:HomecomingKing(2017TVSpecial),8.2,,7738,
685.ThePunisher(2017–2019)Episode:VirtueoftheVicious(2017),9.1,,7705,
"686.Ssam,Maiwei(2017)",8.1,,7683,
687.Bokeh(I)(2017),5.0,56,7674,
688.TheSonofBigfoot(2017),6.1,,7656,
689.AllNighter(2017),5.8,37,7640,
690.HalfGirlfriend(2017),4.6,,7639,
691.GetMeRogerStone(2017),7.3,75,7606,
692.PrisonBreak(2005–2017)Episode:Ogygia(2017),8.4,,7598,
"693.13ReasonsWhy(2017–2020)Episode:Tape6,SideA(2017)",9.1,,7557,
694.Mindhunter(2017–2019)Episode:Episode#1.2(2017),8.5,,7526,
695.PeakyBlinders(2013–2022)Episode:TheDuel(2017),8.7,,7521,
696.Mindhunter(2017–2019)Episode:Episode#1.10(2017),9.1,,7516,
697.Lechalet(2017–2018),7.0,,7507,
698.TwinPeaks(2017)Episode:Part8(2017),8.8,,7507,
699.MyLittlePony:TheMovie(2017),6.1,39,7501,$21.89M
700.Kiborgy.Heroyinevmyrayut(2017),7.5,,7500,
701.ThePunisher(2017–2019)Episode:TwoDeadMen(2017),8.1,,7493,
702.Sandomenosatsujin(2017),6.7,68,7491,$0.09M
703.SiyahBeyazAsk(2017–2018),8.0,,7454,
704.Unbeausoleilintérieur(2017),6.0,79,7441,$0.87M
705.Lacasadepapel(2017–2021)Episode:Erraraldisparar(2017),8.1,,7435,
706.BillNyeSavestheWorld(2017–2018),4.0,,7427,
707.PeakyBlinders(2013–2022)Episode:Blackbird(2017),8.5,,7385,
708.2048:NowheretoRun(2017),6.8,,7372,
709.Ozark(2017–2022)Episode:TheToll(2017),9.1,,7371,
710.StarWars:BattlefrontII(2017VideoGame),7.2,,7369,
711.TikliandLaxmiBomb(2017),7.0,,7324,
712.Fargo(2014–2023)Episode:TheLawofVacantPlaces(2017),8.5,,7318,
713.DevDD(2017–),6.4,,7264,
714.M.F.A.(2017),5.9,,7246,
715.PeakyBlinders(2013–2022)Episode:Dangerous(2017),8.5,,7219,
716.Ghosted(I)(2017),6.3,,7206,
717.ThePunisher(2017–2019)Episode:Kandahar(2017),8.3,,7200,
718.YolArkadasim(2017),6.1,,7199,
719.PokémontheMovie:IChooseYou(2017),6.3,,7191,
720.TheBalladofLeftyBrown(2017),6.3,64,7187,$0.01M
721.AGentleman(2017),6.2,,7173,
722.NaamShabana(2017),6.2,,7170,
723.CallofDuty:WWII(2017VideoGame),7.7,,7151,
724.DoctorWho(2005–)Episode:TwiceUponaTime(2017),8.2,,7142,
725.Lacasadepapel(2017–2021)Episode:CaballodeTroya(2017),8.1,,7104,
726.ThisCountry(2017–2020),8.5,,7075,
727.D'aprèsunehistoirevraie(I)(2017),5.7,43,7070,
728.TheMostHatedWomaninAmerica(2017),6.1,41,7067,
729.TheSenseofanEnding(2017),6.4,61,7045,$1.24M
730.StarTrek:Discovery(2017–2024)Episode:BattleattheBinaryStars(2017),7.4,,7043,
731.TheNutJob2:NuttybyNature(2017),5.5,36,7000,$28.37M
732.ThondimuthalumDhriksakshiyum(2017),8.1,,6979,
733.FindingYourFeet(2017),6.7,53,6973,$1.42M
734.LejeuneKarlMarx(2017),6.6,62,6962,$0.13M
735.OneofUs(IV)(2017),7.0,78,6940,
736.TheSon(2017–2019),7.5,,6929,
737.TheBlacklist:Redemption(2017),7.0,,6918,
738.OHADiyorum(2017),1.6,,6908,
739.Hampstead(2017),6.1,53,6898,$0.14M
740.Lacasadepapel(2017–2021)Episode:Elquelasiguelaconsigue(2017),8.5,,6874,
741.TheSaint(2017TVMovie),4.9,,6858,
742.BoJackHorseman(2014–2020)Episode:TheOldSugarmanPlace(2017),9.3,,6857,
743.AlokoUdapadi(2017),8.4,,6856,
744.Avicii:TrueStories(2017),7.6,,6852,
745.Mr.Robot(2015–2019)Episode:eps3.0_power-saver-mode.h(2017),8.7,,6852,
746.Bose:Dead/Alive(2017),8.7,,6831,
747.Singam3(2017),6.0,,6831,
748.Lacasadepapel(2017–2021)Episode:Eldíadelamarmota(2017),8.2,,6827,
749.Zama(2017),6.7,89,6824,$0.20M
750.Prodigy(2017),5.9,,6816,
751.Claws(2017–2022),7.4,,6802,
752.ThePunisher(2017–2019)Episode:Resupply(2017),8.3,,6776,
753.Maanagaram(2017),8.1,,6775,
754.ThePunisher(2017–2019)Episode:Gunner(2017),8.6,,6766,
755.IAmHeathLedger(2017),7.3,68,6759,
756.Hostile(I)(2017),5.4,,6738,
757.ThePunisher(2017–2019)Episode:FrontTowardEnemy(2017),8.9,,6737,
758.TheHandmaid'sTale(2017–)Episode:Offred(2017),8.2,,6728,
759.Mindhunter(2017–2019)Episode:Episode#1.3(2017),8.2,,6709,
760.PhoenixForgotten(2017),5.3,33,6706,$3.60M
761.Underverden(2017),6.6,,6700,
762.LA92(2017),8.2,66,6693,
763.FackjuGöhte3(2017),5.4,,6684,
764.#Realityhigh(2017),5.2,,6683,
765.MarjoriePrime(2017),6.3,82,6680,$0.18M
766.TakeOff(2017),8.1,,6662,
767.Pieles(2017),6.1,,6654,
768.Lucifer(2016–2021)Episode:AGoodDaytoDie(2017),9.3,,6647,
769.Drone(I)(2017),5.4,49,6640,
770.APB(2017),6.8,,6628,
771.TheBeyond(2017),4.9,,6626,
772.Voyeur(II)(2017),6.1,59,6625,
773.GreenhouseAcademy(2017–2020),6.6,,6619,
774.Lacasadepapel(2017–2021)Episode:LacálidaGuerraFría(2017),8.1,,6619,
775.Legion(2017–2019)Episode:Chapter1(2017),8.7,,6598,
776.Taboo(2017)Episode:Episode#1.1(2017),8.4,,6579,
777.Lacasadepapel(2017–2021)Episode:Refrigeradainestabilidad(2017),8.3,,6577,
"778.13ReasonsWhy(2017–2020)Episode:Tape6,SideB(2017)",9.0,,6572,
779.Mr.Robot(2015–2019)Episode:eps3.1_undo.gz(2017),9.1,,6572,
780.Sharknado5:GlobalSwarming(2017TVMovie),3.9,,6570,
781.ThePunisher(2017–2019)Episode:ColdSteel(2017),8.7,,6567,
782.StarTrek:Discovery(2017–2024)Episode:ContextIsforKings(2017),7.7,,6564,
783.Devil'sGate(2017),5.1,37,6555,
784.WalkingOut(2017),5.8,79,6540,$0.10M
785.AlphaGo(2017),7.8,,6540,
786.BloodDrive(2017),7.2,,6535,
787.ColdGround(2017),5.2,,6531,
788.Hagazussa(2017),5.8,72,6522,$0.01M
789.Mr.Robot(2015–2019)Episode:eps3.6_fredrick+tanya.chk(2017),9.0,,6510,
"790.13ReasonsWhy(2017–2020)Episode:Tape1,SideB(2017)",7.9,,6509,
791.VictorCrowley(2017),5.5,,6506,
792.ThePunisher(2017–2019)Episode:Crosshairs(2017),8.6,,6480,
793.RedNoseDayActually(2017TVShort),7.1,,6479,
794.ThePunisher(2017–2019)Episode:TheJudasGoat(2017),8.2,,6461,
795.ChristmasWeddingPlanner(2017TVMovie),4.4,,6452,
796.Lacasadepapel(2017–2021)Episode:Túlohasbuscado(2017),8.1,,6452,
797.Ozark(2017–2022)Episode:BlueCat(2017),8.1,,6445,
798.FamousinLove(2017–2018),6.7,,6440,
799.AngamalyDiaries(2017),7.9,,6422,
800.Mindhunter(2017–2019)Episode:Episode#1.5(2017),8.6,,6419,
801.Elautor(2017),6.5,58,6414,
802.SomewhereBetween(2017),6.2,,6389,
803.Mindhunter(2017–2019)Episode:Episode#1.4(2017),8.2,,6366,
804.DirtyDancing(2017TVMovie),3.2,,6363,
805.RobotiAniya(2017–2018),8.0,,6360,
806.TakeMe(2017),6.1,56,6319,$0.00M
807.Trial&Error(2017–2018),7.9,,6308,
808.Lacasadepapel(2017–2021)Episode:Seacabaronlasmáscaras(2017),8.4,,6292,
809.TwinPeaks(2017)Episode:Part1(2017),8.6,,6284,
810.Lacasadepapel(2017–2021)Episode:Acontrarreloj(2017),8.6,,6278,
811.JaiLavaKusa(2017),6.8,,6272,
812.68Kill(2017),6.0,56,6267,
813.TheTriptoSpain(2017),6.6,66,6254,$1.16M
814.ConorMcGregor:Notorious(2017),7.1,,6243,
815.TheHattonGardenJob(2017),5.6,,6239,
816.HowardsEnd(2017–2018),7.2,,6224,
817.TheLeftovers(2014–2017)Episode:TheMostPowerfulManintheWorld(andHisIdenticalTwinBrother)(2017),9.3,,6206,
818.TomofFinland(2017),6.8,56,6202,$0.38M
819.IbeonSaengeunCheoeumira(2017),8.1,,6196,
820.Pilgrimage(II)(2017),5.9,60,6170,
821.FunMomDinner(2017),5.3,46,6159,
822.Stephanie(I)(2017),5.8,,6156,
823.Gangcheolbi(2017),7.1,,6151,
824.Lacasadepapel(2017–2021)Episode:¿Quéhemoshecho?(2017),8.6,,6141,
825.StarshipTroopers:TraitorofMars(2017),5.5,,6139,
"826.13ReasonsWhy(2017–2020)Episode:Tape2,SideA(2017)",7.8,,6138,
827.Lucifer(2016–2021)Episode:OfftheRecord(2017),9.1,,6136,
828.Jojakdoendosi(2017),6.8,,6131,
829.Downrange(2017),5.5,42,6123,
830.1987(2017),7.8,,6115,
831.Lacasadepapel(2017–2021)Episode:Cuestióndeeficacia(2017),8.5,,6101,
832.Unsacdebilles(2017),7.3,55,6094,$0.41M
833.Mr.Robot(2015–2019)Episode:eps3.2_legacy.so(2017),8.7,,6094,
834.Lacasadepapel(2017–2021)Episode:Lacabezadelplan(2017),8.3,,6078,
835.Brockmire(2017–2020),8.0,,6065,
836.TeamThor:Part2(2017Video),7.4,,6064,
"837.BedooneTarikh,BedooneEmza(2017)",7.2,71,6050,$0.04M
838.SoosanghanPateuneo(2017),7.8,,6044,
839.Ozark(2017–2022)Episode:MyDrippingSleep(2017),7.6,,6005,
840.Room104(2017–2020),6.1,,5976,
841.TheToysThatMadeUs(2017–2019),7.9,,5972,
842.I'mSorry.(2017–2019),8.0,,5970,
843.Mindhunter(2017–2019)Episode:Episode#1.6(2017),7.9,,5967,
844.Kincsem(2017),7.2,,5950,
845.Mindhunter(2017–2019)Episode:Episode#1.9(2017),8.5,,5929,
846.Nievenegra(2017),6.2,,5918,
"847.13ReasonsWhy(2017–2020)Episode:Tape2,SideB(2017)",8.0,,5915,
848.Loudermilk(2017–2020),7.8,,5909,
849.DearBasketball(2017),7.3,,5899,
850.JerryBeforeSeinfeld(2017TVSpecial),7.0,,5898,
851.Ozark(2017–2022)Episode:Kaleidoscope(2017),7.5,,5892,
852.Bodied(2017),7.1,75,5888,$0.11M
"853.Ozark(2017–2022)Episode:Coffee,Black(2017)",8.7,,5888,
854.Aritmiya(2017),7.4,,5873,
855.Mindhunter(2017–2019)Episode:Episode#1.7(2017),8.2,,5872,
856.TheMiniaturist(2017),7.0,,5868,
857.BandAid(2017),6.6,67,5868,$0.24M
858.FinalPortrait(2017),6.3,70,5864,$0.46M
"859.13ReasonsWhy(2017–2020)Episode:Tape3,SideA(2017)",8.1,,5849,
860.JackWhitehall:TravelswithMyFather(2017–2021),7.6,,5848,
861.Mindhunter(2017–2019)Episode:Episode#1.8(2017),8.1,,5794,
862.Yoruwamijikashiarukeyootome(2017),7.5,65,5792,$0.41M
863.BoJackHorseman(2014–2020)Episode:StupidPieceofSh*t(2017),9.1,,5792,
864.BigLittleLies(2017–2019)Episode:Somebody'sDead(2017),8.0,,5787,
865.FukreyReturns(2017),6.5,,5772,
866.Pokot(2017),6.3,67,5770,
867.TwinPeaks(2017)Episode:Part2(2017),8.6,,5765,
868.LeRedoutable(2017),6.6,55,5762,$0.08M
"869.13ReasonsWhy(2017–2020)Episode:Tape4,SideA(2017)",8.3,,5762,
870.Lore(2017–2018),6.6,,5750,
871.TheNeighbor(II)(2017),4.8,,5748,
872.Abstract:TheArtofDesign(2017–),8.3,,5743,
873.Hvavilfolksi(2017),7.4,69,5743,$0.04M
874.TheCheat(2017–2020),8.3,,5737,
875.MeriPyaariBindu(2017),6.0,,5734,
876.Fargo(2014–2023)Episode:WhoRulestheLandofDenial?(2017),8.9,,5726,
877.Vikings(2013–2020)Episode:OntheEve(2017),8.9,,5726,
878.RegularShow(2010–2017)Episode:ARegularEpicFinalBattle(2017),9.8,,5725,
879.OutsideIn(2017),6.7,76,5722,$0.07M
"880.13ReasonsWhy(2017–2020)Episode:Tape5,SideB(2017)",8.5,,5714,
"881.13ReasonsWhy(2017–2020)Episode:Tape5,SideA(2017)",8.6,,5710,
882.Ozark(2017–2022)Episode:TonightWeImprovise(2017),8.0,,5687,
883.TheCapture(2017),4.7,,5670,
884.Fargo(2014–2023)Episode:TheLawofNon-Contradiction(2017),7.9,,5662,
885.DuvvadaJagannadham(2017),5.9,,5654,
886.TrevorNoah:AfraidoftheDark(2017TVSpecial),7.3,,5653,
887.MassEffect:Andromeda(2017VideoGame),7.0,,5649,
888.Zygote(I)(2017),7.2,,5649,
"889.13ReasonsWhy(2017–2020)Episode:Tape3,SideB(2017)",7.9,,5644,
890.Vikings(2013–2020)Episode:Revenge(2017),8.8,,5644,
891.Skybound(2017),4.1,,5606,
892.CastingJonBenet(2017),6.1,74,5590,
893.StarTrek:Discovery(2017–2024)Episode:TheButcher'sKnifeCaresNotfortheLamb'sCry(2017),7.2,,5586,
894.MutlulukZamani(2017),5.9,,5583,
895.TheConfessionTapes(2017–),7.5,,5583,
896.November(2017),7.2,79,5581,$0.02M
897.MeinBlindDatemitdemLeben(2017),7.1,,5579,
"898.13ReasonsWhy(2017–2020)Episode:Tape4,SideB(2017)",8.0,,5578,
899.TheLoch(2017),6.9,,5573,
900.Hwayugi(2017–2018),8.0,,5542,
901.StarTrek:Discovery(2017–2024)Episode:MagictoMaketheSanestManGoMad(2017),7.5,,5540,
902.KeepingFaith(2017–2021),7.1,,5535,
903.IstanbulKirmizisi(2017),5.5,,5532,
904.Mr.Robot(2015–2019)Episode:eps3.3_m3tadata.par2(2017),8.3,,5519,
905.DhakaAttack(2017),7.6,,5515,
906.TwinPeaks(2017)Episode:Part16(2017),9.5,,5512,
907.TheHandmaid'sTale(2017–)Episode:BirthDay(2017),8.1,,5508,
908.TheHandmaid'sTale(2017–)Episode:Night(2017),9.0,,5507,
909.TheHandmaid'sTale(2017–)Episode:Late(2017),8.6,,5502,
910.StarTrek:Discovery(2017–2024)Episode:ChooseYourPain(2017),7.3,,5489,
911.ChasingCoral(2017),8.1,86,5482,
912.TheExpanse(2015–2022)Episode:Home(2017),9.4,,5479,
913.Ozark(2017–2022)Episode:RulingDays(2017),7.9,,5463,
914.DoctorWho(2005–)Episode:TheDoctorFalls(2017),8.9,,5463,
915.DoctorWho(2005–)Episode:WorldEnoughandTime(2017),9.1,,5455,
916.Stratton(2017),4.8,26,5454,
917.Oasis(2017TVMovie),8.0,,5444,
918.MyDaysofMercy(2017),6.5,,5443,
919.AppleTreeYard(2017),7.2,,5438,
920.Gemini(II)(2017),5.4,71,5437,$0.20M
921.CrashPad(I)(2017),5.8,46,5431,
922.TheBachelors(2017),6.8,54,5414,
923.SPF-18(2017),3.3,,5412,
924.Mr.Robot(2015–2019)Episode:eps3.8_stage3.torrent(2017),8.6,,5409,
925.ThisIsYourDeath(2017),5.6,35,5406,
926.TumhariSulu(2017),7.0,,5405,
927.TheCrown(2016–2023)Episode:DearMrs.Kennedy(2017),9.1,,5400,
928.Lefidèle(2017),6.3,50,5396,$0.05M
929.Sniper:UltimateKill(2017),5.6,,5391,
930.Ozark(2017–2022)Episode:BookofRuth(2017),8.0,,5391,
931.DoctorWho(2005–)Episode:ThePilot(2017),7.8,,5380,
932.Jane(II)(2017),7.8,87,5373,$1.72M
933.Jamestown(2017–2019),6.9,,5372,
934.GhostWars(2017–2018),6.2,,5372,
935.BrooklynNine-Nine(2013–2021)Episode:HalloVeen(2017),9.4,,5360,
936.TheGoodPlace(2016–2020)Episode:Michael'sGambit(2017),9.3,,5358,
937.PrisonBreak(2005–2017)Episode:KanielOutis(2017),8.2,,5353,
938.TwinPeaks(2017)Episode:Part3(2017),8.4,,5351,
939.IseYararBirSey(2017),7.6,,5347,
940.Fargo(2014–2023)Episode:SomebodytoLove(2017),8.5,,5347,
941.SMILF(2017–2019),6.8,,5344,
942.Mr&MmeAdelman(2017),7.3,,5342,
943.AmericanHorrorStory(2011–)Episode:ElectionNight(2017),6.6,,5339,
944.Fargo(2014–2023)Episode:ThePrincipleofRestrictedChoice(2017),8.0,,5319,
945.Ozark(2017–2022)Episode:NestBox(2017),8.0,,5317,
946.OnePiece:Wanpîsu(1999–)Episode:KanashikiKettou:LuffytaiSanji(Kouhen)(2017),9.8,,5306,
947.Ali'sWedding(2017),6.9,64,5285,
948.JohnWick:KillCount(2017Video),8.0,,5285,
949.CubaandtheCameraman(2017),8.2,82,5271,
950.Pottersville(2017),5.4,,5267,
951.Vårtidärnu(2017–),8.2,,5250,
952.BottomoftheWorld(2017),5.1,,5241,
953.Vikings(2013–2020)Episode:Crossings(2017),8.5,,5238,
954.Vikings(2013–2020)Episode:TheReckoning(2017),8.8,,5235,
955.F*&%theProm(2017),4.2,,5232,
956.SuperSizeMe2:HolyChicken!(2017),7.1,61,5230,
957.TheLeftovers(2014–2017)Episode:G'DayMelbourne(2017),9.2,,5226,
958.Dvizhenievverkh(2017),6.7,,5210,
959.TheOrville(2017–)Episode:OldWounds(2017),7.4,,5210,
960.HappyFamily(2017),4.8,,5187,
961.Bingo:OReidasManhãs(2017),7.9,,5178,
962.Fidaa(2017),7.4,,5178,
963.Thupparivaalan(2017),7.5,,5169,
964.Égmanþig(2017),6.1,,5167,
965.Temple(2017),3.7,23,5161,
966.TwinPeaks(2017)Episode:Part4(2017),8.5,,5143,
967.Alien:Covenant-Prologue:TheCrossing(2017),7.1,,5141,
968.Undirtrénu(2017),6.8,75,5123,$0.07M
969.LittleBoyBlue(2017),7.8,,5122,
970.Baadshaho(2017),4.9,,5111,
971.KolonyaCumhuriyeti(2017),5.8,,5109,
972.StarTrek:Discovery(2017–2024)Episode:Lethe(2017),7.3,,5094,
973.ThePutinInterviews(2017),7.5,,5080,
974.TheCrown(2016–2023)Episode:Vergangenheit(2017),9.1,,5079,
975.Cequinouslie(2017),6.8,58,5075,$0.26M
976.Whitney:CanIBeMe(2017),6.8,64,5074,
977.It'sAlwaysSunnyinPhiladelphia(2005–)Episode:TheGangGoestoaWaterPark(2017),9.5,,5073,
978.BoJackHorseman(2014–2020)Episode:Ruthie(2017),8.9,,5070,
979.TheChildinTime(2017TVMovie),6.1,,5064,
980.WolfensteinII:TheNewColossus(2017VideoGame),7.9,,5062,
981.AmericanGods(2017–2021)Episode:TheBoneOrchard(2017),8.0,,5060,
982.TheMaus(2017),4.4,,5059,
983.DearDictator(2017),5.0,44,5050,
984.TylerPerry'sBoo2!AMadeaHalloween(2017),3.9,17,5035,$47.32M
985.TheDefenders(2017)Episode:WorstBehavior(2017),8.8,,5032,
986.Firebase(2017),7.0,,5030,
987.Andover(2017),5.3,,5029,
988.FiveCameBack(2017),8.3,,5028,
989.BecomingWarrenBuffett(2017),7.5,,5017,
990.ThisIsUs(2016–2022)Episode:Memphis(2017),9.5,,5001,
991.TheLeftovers(2014–2017)Episode:TheBookofKevin(2017),8.9,,4995,
992.DeathRace2050(2017Video),3.7,,4992,
993.TheHandmaid'sTale(2017–)Episode:AWoman'sPlace(2017),8.7,,4990,
994.TheDefenders(2017)Episode:TheHWord(2017),7.3,,4985,
995.Girlfriend'sDay(2017),5.2,,4976,
996.Handsome:ANetflixMysteryMovie(2017),5.2,,4973,
997.TheCakemaker(2017),7.3,74,4962,$0.88M
998.TheEndoftheF***ingWorld(2017–2019)Episode:Episode#1.1(2017),7.8,,4960,
999.BigLittleLies(2017–2019)Episode:SeriousMothering(2017),8.1,,4955,
"1,000.Taboo(2017)Episode:Episode#1.2(2017)",8.2,,4953,
